MetaboliteID,UABT00017,UABT00018,UABT00019,UABT00020,UABT00021,UABT00022,UABT00023,UABT00024,UABT00025,UABT00026,UABT00027,UABT00028,UABT00029,UABT00030,UABT00031,UABT00032
M001,118686480,118194008,127250536,128821544,57021484,60468604,63099520,62423888,96485384,82877488,92456912,86991192,118037808,109185064,113855096,103532072
M002,21375428,21715452,22492250,22655304,49804736,51531580,54412028,52112968,18721422,15109984,15118703,15458042,13680776,12620906,13468966,11850303
M003,642557,708316,747855,745997,NA,NA,NA,NA,458960,563960,595341,465883,197463,202171,188601,103120
M004,1120826,1231380,995357,1136654,315657,433727,NA,316996,436946,1061946,625272,504194,1619876,1392279,942779,1657302
M005,177932,182138,232959,252054,241007,209047,152353,152402,175493,179304,188571,223845,NA,263213,245326,189577
M006,16020512,15510534,19308132,16902930,22118182,22116106,21546458,19442360,19191832,15825686,22356516,15907870,22781688,22026964,21295760,19607734
M007,654801,720635,660601,706834,NA,NA,NA,NA,657951,486002,389439,384526,701350,462352,620431,424170
M009,14079778,15085543,11839441,14533008,393073,NA,694219,NA,7978119,9338350,6926079,7485420,7936403,7720005,7488846,7250539
M010,187669,182602,209358,331122,NA,NA,NA,NA,NA,NA,NA,NA,178815,158839,160288,166648
M011,413280,393549,455204,NA,NA,NA,247595,NA,NA,222689,483808,NA,NA,NA,NA,NA
M012,329212,250572,328377,346880,167220,169191,180465,161509,244610,266177,213884,213603,128779,126613,124379,131747
M013,86075392,89961264,99962392,100099368,4574624,4182947,4503384,4154318,82839432,71079640,79968824,80234272,71669488,69464736,66178140,68088752
M014,642734,591174,724539,651771,NA,NA,NA,NA,455367,283264,279872,195910,932103,1018352,1047184,909492
M017,1377836,861209,1294340,1246977,241682,189717,NA,211855,1537688,991058,1091717,1158131,1046609,1069284,1006726,1076780
M018,431735,343474,463505,395200,190065,328232,275647,520420,465555,273716,302498,280746,354087,482813,555190,389614
M019,352212096,333722496,361228544,352549824,48709752,52920832,53506556,52797440,383970656,299337504,332961088,303823968,340623200,316904320,339514176,281830240
M020,377861,1899657,2684722,NA,NA,NA,NA,NA,1778024,993623,NA,NA,NA,NA,NA,NA
M021,630979,643081,718253,746112,74566,65058,69130,105481,432081,352494,373564,300096,736425,662625,729336,700281
M022,362104,153502,193149,72480,NA,NA,NA,NA,NA,207013,224225,59297,NA,90562,39833,NA
M023,110258552,109042624,132915176,125025280,11614702,15389131,12614367,12631837,110566880,95439344,98290920,98633400,102424856,86275144,87794168,78871296
M024,305488,166010,182740,62282,NA,NA,NA,NA,NA,148461,81259,NA,NA,90154,63355,NA
M025,597275,684397,620886,652869,NA,30063,27097,41481,260107,253586,262857,287564,351775,392566,338430,371117
M026,54894,47351,54772,42862,NA,NA,NA,NA,31547,36787,39032,34105,NA,14606,NA,NA
M027,50934,47433,53029,52021,NA,NA,NA,NA,NA,41021,40940,34290,28261,NA,29298,NA
M028,429737,208176,254080,225577,531514,179372,532032,519571,282809,183841,299469,355617,637298,547142,744255,653485
M029,97131,52130,52773,52616,NA,NA,NA,NA,69491,74182,69710,72740,86976,82088,39718,77894
M030,NA,NA,729557,NA,NA,NA,NA,NA,1737880,NA,NA,170288,NA,NA,NA,NA
M032,546623488,534705792,536968320,590680192,37355860,39171084,41034196,38755116,632160960,566674048,584326592,550116736,152900256,132028056,149296480,121670864
M033,174827536,180210576,179771920,192059152,62859384,63548368,68708664,61815928,137096288,117254928,119047328,119101360,98702240,94357352,95536920,90173776
M034,332536,349630,286706,524377,NA,NA,80960,NA,300416,250300,262453,228102,318126,326928,332723,217532
M035,480659,456424,513263,344401,NA,NA,NA,NA,777655,560314,358279,390265,NA,247238,178435,NA
M036,285447584,280188448,325437376,308198240,3505515,3627874,3927201,3367722,206646976,165282288,203518000,199462368,83522192,74918056,80703440,75087448
M037,2774202,2773901,3008422,2938721,NA,NA,NA,NA,1859629,1547825,2002063,1693961,365555,372490,353711,379823
M038,232956560,238543936,233874912,247262976,4559522,4845332,5891907,5422053,227101456,197376064,208934256,194278240,153765840,140274896,150059552,132471192
M039,123762680,121666968,141568800,132577328,3128633,2362419,3562914,3730545,54647856,46352772,54015712,53855352,48720096,45330584,47613340,44978992
M040,123263768,125754288,145578704,139787584,65741896,62314364,63818520,66941792,119053200,96878808,107998840,104803976,92827816,81894304,85554464,83194448
M041,102018,116474,142975,107590,NA,NA,NA,NA,107623,105895,116634,99145,56283,49868,38977,48278
M042,6663159,5727805,6418270,7027754,NA,NA,NA,NA,9272298,7091441,8105325,7428554,11210697,8559887,9205979,7981334
M043,9871683,10592722,10386437,12566454,430204,541923,681254,548702,16360117,12617466,12178765,10776584,14138175,10940101,11756280,11937197
M044,51619396,52987084,45324216,47650256,1145451,877926,1209445,1115415,44312096,47469840,40833272,41985248,57628564,56846784,52836972,53212024
M045,801332,924869,677958,795891,NA,NA,NA,NA,183914,291848,188474,285000,NA,NA,NA,NA
M046,42919,NA,NA,NA,NA,NA,NA,NA,NA,NA,NA,NA,NA,NA,NA,NA
M047,707600,764311,658304,749378,NA,75087,NA,NA,180427,199548,149019,NA,NA,NA,NA,NA
M049,41234296,41053668,41815480,43333068,1330497,1408149,1817399,1768062,38807712,29441180,29403444,27470624,16156689,13878185,15604517,13684170
M050,389721984,371633344,417638560,399528416,67902008,67578488,68782432,69318176,314301664,277771072,320755872,312745728,167017376,154629040,158411152,145110800
M051,297873,369226,218043,247929,NA,NA,NA,NA,NA,NA,200104,NA,NA,NA,NA,NA
M053,5695139,5781385,5776646,6283827,396456,391559,424691,364249,2151463,1961347,1947066,1896356,262999,278990,180999,188647
M054,187239,111113,134688,71114,NA,NA,20024,NA,25338,104211,96697,36137,NA,39540,19037,22751
M055,NA,NA,NA,NA,87907,32614,44507,55079,NA,NA,NA,NA,NA,NA,NA,NA
M056,NA,NA,35929,NA,24294,20471,24345,23945,NA,NA,NA,NA,NA,NA,NA,NA
M057,37181972,42391392,37816856,53771384,470103,452594,555990,568296,31188410,34238716,22471816,21696616,9881311,7598822,10133976,6011539
M058,124770,86815,96834,85811,149617,113015,102134,86875,71325,70569,70936,79249,36737,35849,41899,NA
M059,1130405,1110683,1297298,1253893,NA,NA,NA,NA,2246681,1995626,1821019,1842538,2942810,2406687,2877817,2383882
M060,406318496,398452704,444185056,430563104,11933464,12464115,14575965,14054371,388105440,333451456,405547424,374757856,676605760,615628608,669625856,601504384
M061,1536339,1636480,1650129,1946313,246699,230346,407028,301969,1502054,793611,497180,373418,525533,NA,287821,324675
M062,NA,NA,NA,NA,NA,113130,NA,NA,NA,NA,NA,NA,NA,NA,NA,NA
M063,29504320,30636134,28183568,31213492,74324128,90466288,83973432,82886648,22895408,22195520,20293204,19812064,3419709,3629923,3292710,3549037
M065,5123121664,5212734976,5125715968,5476316672,370066688,390980672,408532576,389856672,4791091200,4267398656,4375216128,4290958080,1130532608,1108215936,1105760768,1052181568
M066,24201976,23915564,24422678,23395302,397298,273501,542066,411945,19157644,17715612,20194548,18141826,5796517,4657619,5401214,3896334
M067,30653056,33323724,37006820,37178612,23726620,26229668,25820094,25673098,97938176,80634904,87044448,80736936,5078501,5498277,4169625,5652896
M068,86605112,79554416,85382432,86893360,15682544,13679664,17429116,17795810,94267384,79577848,84789840,81226040,110575096,96871784,106957632,95712760
M069,47400180,46181204,50842536,51041724,3868178,4129990,3935921,5029674,54983736,48540396,44764456,40898808,179812496,129510968,148348928,125930120
M070,NA,NA,NA,NA,2590291,2244071,2315215,2431082,NA,NA,NA,NA,5398130,4535446,5086230,5391951
M072,980738,771899,820481,661528,NA,NA,NA,NA,291422,156508,177491,51435,NA,146168,162126,65775
M073,22096116,22475184,20489636,22192280,1218001,1297703,1584393,1527852,8083266,7242823,6671168,6278449,9864797,8302950,9242341,8509884
M074,67487920,70737640,64368692,70168128,19392832,22926848,23804060,24119546,60025020,58372980,54266268,53599068,7099157,6738515,6721495,6737739
M075,72546,117207,86107,92708,53831,NA,NA,57023,79459,NA,NA,NA,NA,NA,NA,NA
M076,923471,846539,780708,880758,85606,NA,174561,141215,1029995,906149,814364,788039,541397,356103,470044,348511
M077,2801122,2970725,2919141,2990683,1567515,1938820,1564638,1603803,2191224,1907159,1740310,1741620,120138,NA,85670,71247
M079,13945586,13194917,14309420,15871833,1397753,1533949,1742195,1613359,11962180,10037604,10912662,10885315,2014358,1867863,2017540,1876844
M080,583160128,591605184,581201600,597077120,44384628,47103024,48775620,48732240,810321280,705998784,735910016,713945792,177495184,176421888,174477392,168054128
M081,946083,872794,945508,1161379,326568,200214,332064,303481,764760,827563,761039,1048053,767442,737580,786000,783774
M082,1722934,1935893,1740635,1912723,1182194,1084535,1232587,1304762,2283924,1746558,2028360,1976968,624299,663701,780436,843711
M083,51728592,60889236,55790980,60850116,4866820,4395856,5203617,4251467,58375404,57217280,53324688,53036912,4494494,4305287,3917535,4213964
M084,1947265,1785682,1853634,1329573,NA,44372,20676,NA,600934,711974,1208042,690261,NA,NA,NA,NA
M085,4806831,4274795,4421966,4645235,276354,NA,NA,604811,4445126,3766898,3332994,4448501,5860509,5213041,5367334,5110409
M086,1099507,1065701,952097,1006903,1564101,1654922,1543608,1556112,1696343,1304068,1093847,1446367,1498330,1074460,1212204,1178523
M087,178740,169425,197759,171236,NA,NA,NA,NA,57235,107372,77869,91351,NA,NA,NA,NA
M088,479603,517167,NA,480959,NA,119740,115523,NA,1509290,1298487,1247790,1306848,895515,751583,892551,856363
M089,347717312,360276992,409381216,388470432,478246656,467397984,480914208,481878752,344034400,276498656,312028000,320318144,406729856,376629216,391799168,361466080
M090,328117,373922,343472,348945,1555767,1685519,1654692,1785536,621520,489056,523128,697959,822587,747048,712140,951741
M091,146126,150515,101055,139635,NA,NA,NA,NA,122421,NA,NA,NA,114217,123575,137241,152408
M094,1893565,NA,1339958,423830,NA,185962,NA,NA,NA,1236244,1074351,NA,319560,454728,NA,NA
M095,446065,425110,363996,634120,NA,58627,NA,NA,330867,280619,327907,194331,367193,312329,417148,299063
M096,2490872,2619714,2701101,2860680,603293,467554,662333,838974,3497180,2556497,2724325,2837538,2323978,2030570,2263656,2063389
M097,NA,NA,NA,NA,NA,NA,NA,NA,NA,NA,NA,NA,NA,NA,NA,295748
M098,475584672,474846400,471805984,472539040,113090824,107365056,123285072,123117640,428015968,336923168,358385856,338948800,309571872,283201472,298033632,251916976
M099,NA,NA,NA,NA,NA,NA,NA,NA,204903,NA,NA,NA,NA,NA,NA,517441
M100,407508,573357,601511,486437,191664,NA,207082,NA,342273,324231,389692,400123,159998,256462,316864,282091
M101,600278,592193,594909,694026,105475,103324,128242,124820,408734,372465,345321,338350,160755,136339,149397,152432
M102,554419,606446,477309,511469,NA,28613,43563,42100,359060,349261,413437,336085,83863,81468,73370,76083
M103,148904,126798,136349,141094,NA,NA,NA,NA,108973,122878,124886,87725,NA,NA,NA,NA
M104,374955520,375343872,432695264,419956224,27628000,28008724,27614250,29446830,403943232,333222688,381801632,375865376,236361440,210494944,215222784,197342176
M105,747974,885451,875296,911730,45030480,43368968,50786616,43956628,789245,726585,NA,325134,4969025,4392965,4471010,4911828
M106,1069194,985011,1158515,953446,NA,NA,NA,NA,803771,631533,461794,NA,511061,NA,NA,NA
M107,11106999,11044008,12787259,12145166,NA,NA,NA,NA,12195753,10096974,11937248,11404688,7369035,6121396,6719180,5933263
M109,126949328,125490256,139844096,132277968,26526200,17410648,19922832,22029736,157939632,114828848,149777712,115655336,31529904,21813364,22930276,20487964
M110,8048300,8573617,8379749,8994572,378490,375169,345509,251245,8558117,7741329,8019977,7580892,5674152,4896888,4811241,4577376
M111,14884622,12049646,14827667,14452224,2427348,2531148,3245778,2542592,18859036,14154383,17082024,14230117,7974801,6322369,7325062,6865187
M112,62664,98192,NA,NA,NA,NA,NA,NA,NA,NA,82257,117274,NA,NA,NA,NA
M113,157856,334077,313763,335252,NA,NA,NA,NA,154196,231889,246642,250377,334366,326218,329050,297106
M114,2431270,2158520,2554682,2593254,735688,767149,770864,693662,2641560,1922268,2081632,1890126,1260232,923935,1202549,1067111
M115,508618,412614,645915,518251,NA,NA,NA,NA,460505,407881,336865,258480,173528,NA,232359,120170
M116,855128,770439,1083138,1210023,NA,NA,NA,NA,1784362,2321047,1055572,1049471,210144,NA,NA,NA
M117,2098121,2061440,1844886,2102347,114360,186704,46540,92739,2995737,2410154,2277661,2318650,782989,681656,602355,742398
M118,941840,675448,643527,1108141,NA,NA,NA,NA,449077,773180,NA,605923,494645,NA,534095,NA
M119,424629216,409457600,505301824,470033024,11405459,11583409,12226039,11827347,507303392,439855168,537527488,518680288,571129664,540404224,575130560,537768960
M120,319626336,330417408,344321568,336655392,1844821,1802333,1907023,1905551,398614368,363040288,427577088,419038048,272892768,254883600,264529200,242614976
M121,1025848,1061208,1134597,1123158,NA,NA,NA,NA,430352,353309,478383,520649,NA,NA,NA,NA
M122,56428388,55836616,69206176,62854544,NA,NA,NA,NA,90704880,68302392,85611664,72282720,4662701,3635966,4029932,3689604
M123,115248624,122794424,126538992,131816096,218023,251979,394902,201835,131975536,128803136,148203600,149963648,87145080,81695872,81875736,79862256
M124,3474423,3613704,3128859,3659347,NA,NA,NA,NA,4008557,3457240,2943063,2626326,915689,635380,814757,688567
M125,20822802,22684208,24462306,25926318,NA,NA,NA,NA,22576672,22392360,24361668,25809282,12965948,13241429,11352431,13167427
M126,38139628,37215424,43343024,42497992,NA,NA,NA,NA,61652736,55073752,61568168,57303828,28452186,24002180,26392208,24993094
M127,444460896,432440544,486737664,454213248,527669,586551,600631,511125,640816512,543266112,625601216,644068800,541055168,529145408,554266688,498708480
M128,11877204,12530316,10972502,14130529,3469344,5779527,3433014,4525420,10545240,10402688,9836007,10096794,2150010,2763711,3115200,2879228
M129,1088211,965041,1231175,1048628,NA,NA,NA,NA,1534132,1355316,1420229,1407703,199685,165051,273741,117616
M130,744728,860673,839879,1099703,325743,319547,421904,434775,785688,762151,440053,512059,691449,359869,573038,319652
M131,703639,909910,721321,928642,1056156,911621,1126930,993341,1318168,1105689,952140,901156,941405,702845,656126,867058
M132,2152279,2105632,1938142,1655088,501523,675643,467802,716714,4333984,3641136,3433218,2977549,478209,336952,426484,412645
M133,1361996,1778523,1477052,2051630,1363359,NA,883489,750816,1944049,1745348,1935028,2390094,2079294,1731481,1738368,2179111
M134,1533474,1450719,1511638,1789735,NA,NA,NA,NA,2741221,2167279,2208254,2416695,1433206,1250966,1441489,1290375
M135,2238822,2110211,2295117,2184305,860005,899206,1002206,884226,1714585,1363220,1747813,1509181,502508,484093,NA,378299
M136,1101772,778265,1747576,637960,1482413,1469538,1162191,1185624,1370682,447470,484342,480381,698162,715733,799613,821375
M137,NA,NA,NA,NA,427836,191104,NA,139300,NA,NA,NA,NA,NA,NA,NA,NA
M138,23904384,24449140,21816532,24460968,12678916,10859760,14610862,13783248,17192652,11007205,10526325,10722010,5209605,5672021,4590952,7216993
M139,41742216,44184224,46226688,51504376,29474660,47606680,32147648,31047358,62949572,61155656,69420824,62759760,15395993,14730922,13238396,16390476
M140,17915632,18527752,17907776,17188180,11741190,11332130,13022467,12745977,22294012,17178272,19226194,20751966,6207898,6700278,5963358,7037855
M141,3393641,2472941,2285390,2206626,1529111,1356243,1672018,1453433,3027452,1969540,1857276,2419288,2071760,1459740,1512264,1613892
M142,422600544,403152384,424906976,385365952,206550608,191537376,222506816,224138912,445125664,287818496,332629824,343714400,110245528,156133216,117010576,167413712
M143,1771561,1600229,1862238,2252591,100700,243016,261100,384174,4044795,3493223,3332006,3820884,2157651,2034505,2252353,2280556
M144,1173008,757923,1137524,794839,2407553,1717781,2267518,2247557,1016640,913661,1193260,963104,961564,649386,865479,1265948
M145,1335467,1300916,1418044,1532467,4104126,4038705,4538290,3872240,1664321,1718115,1866164,1737128,609348,554877,530550,577264
M146,72008328,75478408,70968352,77877376,800166,420114,932319,NA,92898440,67295736,65693208,58957216,18217236,15743492,15341451,14278474
M147,988726,874752,854590,868415,NA,NA,NA,64977,921593,698259,768619,612628,184971,125355,172014,112080
M148,29002316,31327012,32321384,34217408,715698,825716,859175,667754,21188280,16694564,18445744,18658472,7561390,5860999,6594106,6325834
M149,9790017,9624687,10302072,9850780,1432073,1334033,1394259,2113382,7286165,6383701,5456208,7864701,4808459,4277849,5198634,4635126
M150,10392966,11584223,10743928,11463816,1955118,1904860,2091398,2024014,8438736,6687081,6198997,6953958,1232307,1196468,1158573,1123276
M151,1709153,1847834,1685247,1984696,4829896,6572717,5667421,4988770,1638476,1330656,1204459,1189373,4966563,3972785,5285556,3653879
M152,6914980,7202783,6681123,8025433,2245333,2367289,2562209,2355540,4947860,4686832,4442547,4478422,631489,448690,550419,593503
M153,144278,100337,122299,112457,NA,42846,36226,32229,133656,131238,96511,114969,64968,51837,62030,74842
M154,5115621,6667559,6773610,6829424,1775829,1703345,1970643,1937591,4549624,5040910,4093568,4180059,6674694,6113062,4787748,4557875
M155,10835627,12123344,10194539,12880947,1399643,1561716,1980022,1716794,9212261,8300877,6432438,7317302,1047401,912042,983302,949608
M156,738727,864052,663274,1031940,382650,353692,300963,368383,764696,875456,898001,701632,263981,114375,193097,146777
M157,611575,817643,728991,819245,NA,188904,248348,273489,753060,781348,738175,762067,670655,613176,487581,576819
M158,420083,NA,NA,NA,NA,NA,NA,NA,NA,NA,NA,NA,425341,439347,NA,433630
M159,374428,362682,414649,437604,NA,NA,NA,NA,196593,186469,219254,214672,NA,NA,NA,NA
M160,12815841,12656443,12817360,12100549,2842124,3310134,3188449,3146600,10400850,8775696,9423574,8794327,7370891,7107286,7739339,6912500
M161,386800,370598,450801,448858,NA,117903,NA,NA,869361,632182,649348,538504,NA,148249,113562,73643
M162,25247282,26815452,26126436,27150534,3951590,3804504,4313436,4201313,33491216,27934118,25825024,27345056,16513611,14932382,14936365,14907408
M163,814519,790377,740456,909253,391082,249759,NA,530108,833593,941732,796536,692819,NA,333575,NA,386703
M164,1623117,1456337,3554805,4071688,335386,NA,180083,284304,2426876,986205,486177,1828571,NA,488906,356292,747127
M165,71590632,77643072,75504744,80860792,16654746,16913526,18199016,17737620,39465856,33781952,34523940,36026780,3327184,3040873,3004125,3006833
M166,213864,107837,161762,113314,277162,309779,269921,319909,NA,NA,117018,NA,290129,193794,NA,197633
M167,NA,NA,1229081,NA,12567130,4976973,10051896,5659513,NA,NA,1406611,NA,NA,779252,NA,NA
M168,23827880,26735102,21913496,22028722,25537380,10640713,14228108,9420576,26136932,23493072,28739072,24151122,4667907,2780944,2636063,1697298
M169,40496424,47590856,35130876,39501556,13950732,5022508,5992143,4880398,38089404,29626508,33522656,26990772,3901130,3105455,2581902,2400876
M170,35853320,38393664,35477552,42936032,2009323,NA,1420447,1180795,31503832,26641316,27545512,24546106,4546122,5856391,4172646,3589528
M171,15884333,19588168,17240100,15517081,241789,203572,275551,237899,20383280,19524012,21300000,17828742,5601366,5552188,5040207,4208773
M172,3337163,2779128,2930010,2382785,1261250,866645,1138292,832143,2720544,2015606,2388872,1862008,842739,788621,987531,642771
M173,18232390,22572664,21493248,21754092,27651600,31678188,33341756,33390672,33349710,26604242,32829304,31194674,26591962,24830380,25813018,22661624
M174,450498272,537292608,661207424,683934720,84445408,104871000,80756232,111336720,775513728,426518208,635790976,805007296,483595648,454427904,508516288,476403392
M175,NA,NA,NA,NA,1117807,810501,574121,587372,NA,NA,NA,NA,NA,NA,NA,NA
M176,57439592,59510896,112836288,113960680,21605148,24058654,12784659,18351560,161827024,66736548,85350496,94204488,49101012,50317040,66029252,64437672
M177,1000556096,972962368,2434839552,2282430720,870095488,828129536,288693344,505347488,1955237760,1050436992,1089999616,907305920,664138624,840528512,1111404672,939661184
M178,1439066,1547629,2114194,2112437,2937769,2369273,1758390,1892618,2483919,1908874,1596647,1678876,1478055,1927776,2514694,2035581
M179,50696648,53765136,62529172,66853664,117092368,105060328,78804864,80436240,82696072,60997324,59883840,67521048,85960104,90829504,147876496,102143872
M180,NA,40473,34671,89375,136921,133303,88052,72864,95931,NA,NA,81857,98999,133363,187835,120380
M181,137644,170862,173150,223703,329179,317374,230771,218529,293544,160346,168116,246194,320266,369495,416057,329993
M182,1082833,1060874,1279907,1457469,2154232,2080755,1880488,1685616,1777210,1057141,1088616,1620567,2184500,1988695,2996692,2393228
M184,2819815,882390,NA,NA,30278492,15390620,17794622,13070731,NA,1147468,NA,NA,538429,934308,623609,763217
M185,48826748,60839168,60719540,65259236,26017212,17812922,19532918,16435395,62896092,49919880,66917012,67052308,20089236,17056716,19044060,16216603
M186,10368468992,11982415872,14343657472,15459955712,3938841088,5271596032,4057924096,5131331072,15047669760,9187585024,12256627712,14546847744,11553326080,10604672000,12035647488,11836185600
M187,19858272,29529294,33498204,40489196,11148157,13766026,8397849,14496215,37529744,15005474,18662628,33448880,31298510,21888504,32541776,30205832
M188,NA,51292,48143,69387,99264,136632,101389,81735,112117,53463,45575,67173,99737,66954,174947,75959
M189,34947,42259,50239,66268,214986,211692,157813,167286,113761,28045,53472,91998,327564,249673,360151,336302
M190,1893056,2910792,3707319,1601488,1322019,1776142,737283,1669756,2154803,1211086,1451842,2799616,2223836,1540636,1728487,2445799
M191,NA,NA,NA,NA,37041,NA,NA,NA,NA,NA,NA,NA,NA,NA,NA,NA
M192,NA,NA,318361,437762,NA,NA,NA,NA,432003,NA,278525,328708,NA,358336,268254,NA
M193,1114466,1201108,1248757,1497248,3867093,3658429,4018841,3864165,760114,NA,588277,NA,1188802,1048768,999539,1084648
M194,2065709,2272173,2463425,2081863,216691,206616,193546,225676,1619322,1014297,1245883,1324959,568252,599064,759231,626356
M195,NA,NA,NA,NA,NA,NA,NA,NA,NA,NA,NA,NA,NA,NA,NA,326392
M196,430043,463010,275660,432911,128380,131122,146679,100632,393062,565398,275451,354211,536055,376606,437404,504485
M197,271397,223744,128683,255439,NA,93776,NA,NA,224805,144205,159821,178829,232164,215622,239414,161416
M198,1362622,1507705,1295654,1292389,255177,184672,346205,297879,1438878,1078315,991933,1260269,1132332,922589,1078335,1014166
M199,121126,57792,55045,81828,359634,235164,215384,239455,60688,NA,NA,NA,NA,NA,76213,NA
M200,3171271,3108784,4030828,2859019,375190,323210,468637,415078,3297006,2654309,2337622,2577611,4097614,3509247,3747334,3422420
M201,26678096,29985292,25592156,25567380,940790,703211,946352,895451,27431870,22503880,20376752,19463744,4393237,5016935,3729872,4413429
M202,9455081,8850194,7631725,8976566,4385084,3955073,5183100,5069255,9818380,8883611,9949751,9027163,3542646,3458070,3365444,2633710
M203,2985480,3061112,3098658,2964951,1691237,1347173,1348811,1203955,2430696,2216689,2546786,2129657,2647277,2417035,2522981,2546674
M204,1336877,1255312,1159831,1124246,889296,679492,892279,967006,982201,922499,948228,1150027,759306,779387,769675,676349
M205,NA,NA,NA,NA,205540,122826,125903,NA,NA,NA,NA,NA,NA,NA,NA,NA
M206,185821,162757,241302,199240,NA,NA,NA,NA,187354,134983,104985,129803,66771,49960,61731,51457
M207,327539,402289,471888,465774,574770,746036,559111,572826,345800,203541,292908,372411,405157,299639,333621,446533
M208,455991,418426,400316,373039,428544,351663,390689,390134,232060,215223,243161,232966,211537,217548,231128,195100
M209,39246428,37978632,47114588,55180460,34168452,38052988,28895384,34616184,53988856,34955984,36754360,44729576,43713076,41963248,53169304,45993892
M210,1101803,1294417,2560803,1371963,297722,838338,248054,368320,425174,272091,601112,2594493,NA,413427,473564,1458065
M211,NA,NA,281298,NA,NA,NA,NA,NA,NA,NA,NA,NA,NA,NA,NA,NA
M213,674939,881185,957323,986536,1338512,1187350,1095693,1292937,1128030,806946,721367,876364,975106,1040791,1463576,1151659
M214,1034274,1812564,1286023,1713850,3455512,3787330,3655696,3690994,1084173,1196188,772427,1212093,1636051,1243595,1048673,1014558
M215,8435969,9273751,7513559,8312123,8248769,7766600,8816377,8494419,6847107,7491959,6200520,7292387,18961126,18001748,14832355,17014566
M216,96059296,82847056,86250384,86805824,26651600,29086436,29171416,29206120,87383288,83199016,77426960,86741488,91038528,82558288,82930368,75413560
M217,37053416,35329888,38028664,34706372,5972401,5002423,6142512,6512344,34346920,26515224,28864468,33277946,12882202,10735091,11956517,11707914
M218,3519015,3413774,3621889,3383403,405740,449735,447612,599690,3627813,3099460,2729274,3015686,2173626,1908365,2445285,2163625
M219,NA,248880,277453,288318,NA,NA,NA,NA,315514,660964,301823,NA,NA,NA,NA,NA
M220,6208368,4774119,4919946,5114450,5684664,4978555,4192168,4061576,5764137,4448676,4317795,5584016,5299204,4043335,5330284,5039200
M221,20023184,21578540,20907460,21233764,692910,500797,821957,552532,20197876,16545209,16261556,17578620,5654575,4202595,4056184,4058702
M222,9654881,9292631,10022267,8696844,439575,471856,465597,403308,9849810,7095970,6986253,8772942,4836266,4586945,4702699,4935068
M223,318825728,340667680,335632000,334837728,5506270,5464683,5920808,6625952,352745248,250101312,233514592,286542848,177691760,174137856,174217392,170530240
M224,843403840,948937856,885956608,928925632,28599424,24781288,32358632,33238890,974065280,720247360,689142272,784396160,332446144,324984224,305016064,309139680
M225,45299244,44521444,42891544,43832600,3754044,3574924,4445459,4337629,41448176,31395844,33334004,34657776,13997697,14518664,13595237,13081965
M226,9550526,8224305,13056155,8674780,1008031,860661,1110567,1152580,8238050,7145550,6333844,6474753,3735344,3779020,3740339,3503127
M227,3740007,3353040,5160662,3356929,2411174,1379147,1669089,1557114,2739432,2567846,2017131,2193768,1590331,1635495,1487875,1718110
M228,393139,464128,527019,366890,40600,NA,NA,37016,375376,324438,314548,260512,87953,68603,71877,65516
M229,448241,274977,342605,690525,966946,101949,110376,125841,202971,273784,238924,266170,323563,315818,129406,151496
M231,12315522,15420660,28422724,47651412,2854872,3253673,2056126,2812260,3963790,793622,1440874,3478150,2253198,1613357,3054348,2214630
M232,2345924,NA,NA,NA,NA,NA,NA,NA,9655238,NA,NA,NA,NA,NA,NA,NA
M233,34126764,581744,662668,339485,457579,355714,610797,413906,109895424,524613,1602527,478905,663064,424612,526203,611299
M234,65040112,776996,647983,552413,724759,656552,981771,991760,193944000,734007,2445713,602714,1039370,638003,709290,843289
M235,644241,NA,NA,NA,NA,NA,NA,NA,1890356,NA,NA,NA,NA,NA,NA,NA
M236,24392184,NA,NA,NA,341030,205203,399216,377411,98937416,NA,628321,NA,210507,NA,222233,285950
M239,6894835,NA,NA,NA,67457,NA,136631,117951,19286584,NA,325006,NA,192438,224545,198671,200636
M240,44767216,960499,425252,571668,580152,716171,891128,1079815,113653968,1487244,2434885,997325,1257583,579822,717685,1017643
M241,5061934,NA,NA,NA,NA,NA,NA,NA,13857254,NA,150469,NA,NA,NA,NA,NA
M242,6932008,2535763,2782475,4252834,1763204,2504702,1361865,2904849,8963844,3683223,3966688,5498856,3831880,2349617,1096101,2871284
M243,918824,795037,850089,781335,418018,399432,440216,420146,1197338,912433,807253,793307,1534102,1410908,1501794,1482870
M244,148739440,144778176,160788480,177451680,482012288,445422176,480284736,506514944,220183504,235696768,219347568,226154816,338369760,438197696,428523744,394185600
M245,1641286,1850080,1723294,1708896,1574389,1401144,1593716,1600690,2481157,2072529,1828274,1839603,2602455,2961758,2876235,2661011
M247,5389048,4537151,4881063,5402587,4027180,125485,4081598,4203090,5519864,6568356,6316063,6196421,7842308,8063605,7693796,9482106
M248,364885,600961,436187,505493,284197,287403,343018,306256,666053,546043,576798,769794,1973221,2381974,2211018,2341126
M249,2409655,1864597,1640064,2083840,486301,441326,520567,516837,1317472,2058537,1981547,2072084,3450433,2818087,3329387,3181289
M251,91964,NA,NA,NA,NA,NA,NA,NA,NA,NA,NA,NA,53099,NA,NA,64150
M252,18384434,17251366,19084274,19595090,21077152,19653448,24050816,22563748,22408244,27843216,25520224,29433158,54118364,65977328,65861364,62022496
M253,6248539,6595217,6282092,7558026,4353054,4210896,4995562,4083962,8214944,8424788,8494147,9447021,12526836,15145228,14439373,14667554
M254,NA,NA,NA,NA,28632,NA,NA,NA,60420,NA,NA,NA,NA,NA,NA,NA
M255,333833,NA,NA,NA,NA,NA,NA,NA,927318,NA,NA,NA,NA,NA,NA,NA
M256,3123346,NA,NA,NA,NA,NA,NA,NA,6605417,NA,NA,NA,NA,NA,NA,NA
M257,1964016,NA,NA,NA,NA,NA,NA,NA,3878544,NA,NA,NA,NA,NA,NA,NA
M259,1574584,1815258,1442299,2464249,2514482,1681325,2271723,1893207,1727860,2131155,2068272,1487202,4720159,5471731,4240737,5681414
M261,323999,341717,570299,773403,122342,148687,96686,85898,594672,488293,431711,831203,1346611,1791205,1750647,2064171
M265,1822123136,1906775040,1877194880,1908995968,100351096,119803488,116895864,118103000,1842173440,1608590848,1581548288,1605021440,1133902976,1145540736,1142441600,1090691456
M266,3814812,3308797,3927147,3703438,4222626,1424885,4823980,4257835,2954071,3785288,4320099,4116499,2735214,2778830,2809278,2665071
M267,1723750528,1883404032,1811092608,1974785152,198164976,197761776,220132352,210339296,1745688192,1647257088,1646954496,1701368320,903994304,823396864,832653504,813407040
M268,NA,NA,1196928,1690079,2525103,2590672,2179737,2614385,12304682,10836134,11573456,13514424,4199038,4114132,3117852,3303507
M269,336769568,352759552,362440448,363475488,39751804,36802440,44077144,42722192,468717184,458311584,461019264,458512768,157124768,139271232,141190464,142784672
M270,4158929,4211641,4509249,4651121,57582292,57818844,61763836,62536632,2271623,2259863,2435357,2228536,663217,624939,695319,529595
M271,3708683,410328,1313340,5313598,20139856,657563,575196,973001,482856,2555028,727970,1027594,5541506,2031593,391288,1918528
M272,2563892,2408225,2160220,3168782,1639856,881206,665713,886748,8925557,5754081,5536530,10283998,2533688,2651234,2077413,2069188
M273,NA,NA,NA,NA,57245,NA,NA,NA,NA,NA,NA,NA,NA,NA,NA,NA
M274,1345789,1860127,1011630,1447182,1430978,963601,1064605,NA,NA,NA,1839092,869554,1230808,NA,NA,NA
M275,122348552,119144816,148141424,118348880,796692,745447,966557,1298972,107676232,81803784,109512560,116867632,21746592,21968944,23849048,24524974
M276,132864,74297,NA,NA,263602,174473,NA,153223,415089,238255,69457,169904,173048,NA,NA,107464
M277,135738,NA,NA,NA,589074,417126,439187,493244,355442,209516,216006,223680,287947,311993,332665,316365
M278,575831,269395,201827,192512,170151,216445,208950,238812,1224465,253406,149401,218161,199968,62452,276363,217014
M279,2266583,2293329,2098143,2160064,703378,615888,700821,642779,10923422,11778424,12034479,10897871,5191988,4643955,4803099,4396195
M280,5618079,4483902,4749018,5111237,275754,286702,NA,419210,37136896,34570720,35895840,35098480,3737237,3146108,3035126,2739908
M281,13174107,NA,110439,NA,146795,115147,184574,179155,47377552,99212,556584,147253,190373,120029,148109,150224
M282,4909337,293137,328018,403142,437488,427025,607489,832430,16667095,367307,567836,392257,498173,612465,535793,380544
M283,NA,NA,NA,NA,NA,NA,NA,NA,386058,492939,275227,421195,NA,NA,267941,912909
M284,2368354,2340435,1064742,1834921,NA,NA,NA,NA,1647048,1409644,1455684,1233089,523279,348055,551625,326839
M285,866202560,850509504,923204096,799884672,186719712,204313392,192175920,208859504,868514368,712230464,863138560,767450368,329099200,333513376,385452256,309858464
M286,579367,583570,881704,1114363,NA,219575,153268,215949,1408653,1059017,1139668,1141813,2376293,2062212,2218996,2331598
M287,649833,577298,602001,719214,213666,254803,261730,237363,257015,166800,190491,220991,298859,266187,232081,213381
M288,5343555,5244761,4990516,5692761,1727924,1850944,2068591,1836638,3841864,3252703,2830757,2716181,8392014,7383644,7884939,6761074
M289,569535616,565261632,519334688,540867904,79853336,71475016,97452864,101417488,493705856,391565344,369860864,350880320,385144032,376833184,381260384,358236128
M290,1812272,799893,1279747,1682386,NA,NA,NA,NA,1432939,1016235,1170261,1100040,NA,NA,NA,NA
M291,965061,845574,1078680,1030113,NA,NA,NA,NA,742910,682480,797458,672983,394507,349521,413717,356958
M292,92475,119706,83531,109376,NA,NA,NA,NA,92740,93211,95923,89577,NA,NA,NA,NA
M293,19272004,23034960,21361132,22976098,7215702,8566175,8147457,7226797,24733036,18556472,23121700,23706184,13524114,15636100,12735542,13667483
M294,2254395,2065701,2700079,2569540,278601,232940,316133,320996,1815824,1050432,1478983,1323695,790823,809675,716175,688617
M295,255273680,247240304,314242592,274377696,120954872,113194696,105613856,111272272,280938656,226256720,315309984,279178720,245893104,226871856,227847648,221164032
M296,235309,246847,164535,240750,NA,58243,41760,NA,228349,216131,177012,192203,149148,129858,144105,131968
M297,1785799,1618319,1912381,1670073,397864,313735,327774,351729,1402624,1124460,1408401,1030042,881424,563691,549758,323547
M298,101648,104933,108701,108701,90046,36052,41097,NA,70977,70624,67072,70178,59359,47571,51020,39594
M299,263370,394599,323647,273733,1259949,1461063,1729418,1755356,112556,335673,NA,364890,NA,NA,280595,386396
M300,27710,28318,24549,23535,NA,NA,NA,NA,23600,23703,29324,21960,NA,NA,NA,NA
M301,234700,497431,301583,626086,NA,NA,NA,NA,NA,986905,720560,871782,291112,252277,NA,233986
M302,312037,398370,227206,399002,NA,NA,101137,NA,513488,360844,385171,368756,232073,153692,202597,189776
M303,54039,59729,182245,NA,NA,24126,NA,NA,NA,72229,54007,44607,65188,38886,53340,30185
M304,7116787,7191685,7130655,7868547,97547,102989,110334,75989,11524605,10919780,10645260,10356724,3713778,3298677,3361236,3373437
M305,5289606,5070253,5391347,5618314,2867912,3135657,3426657,3374087,4297703,3995345,3652689,3136578,4672817,4285936,4490235,4339487
M306,1127619,2426810,1994776,2740723,NA,NA,NA,NA,1192213,939711,968366,965044,543360,506573,492540,435896
M307,10322442,10971481,12195459,11856413,1115998,1156391,1134485,1150757,6832021,6496469,7244253,6577662,9386083,8321872,8746936,8298769
M308,178975,315319,261649,332569,NA,NA,NA,NA,134588,126171,124289,130340,68570,62716,69229,50606
M309,482597,439056,400845,487529,NA,NA,NA,NA,268277,235989,327696,290840,268973,176696,85243,NA
M310,32539072,31723702,31962748,32713120,14891481,12448761,16703815,16775523,18423216,18133118,18317492,17557796,24911584,20621632,22845704,24572264
M311,62615108,52407264,50584444,52914328,48878400,58487368,54795608,57665648,74435568,53369576,49655616,52709784,74074552,73456376,84642656,71486784
M314,746481472,758677184,757519360,822038144,97330856,101199000,107188544,101696704,731452480,613375424,639461248,627883072,484619840,473071616,474767808,454141952
M316,11709912,12268158,12095910,11758984,5333737,5083175,6082615,5229436,7644407,7252674,6245798,6473926,8397845,6497352,7518374,6376816
M317,289667,424799,374316,375994,NA,NA,NA,NA,424616,336732,373524,335032,443592,428759,349562,370824
M318,39591272,34098728,36773776,39141152,4089172,5328884,4685027,4374027,40540140,33587112,36335744,38009392,33785760,32544202,32703188,32551108
M320,2474444,4569714,2293862,3412944,358563,458251,672908,310306,711081,1676980,534055,828330,5826657,6423382,3149027,13403290
M321,2153444,2981758,2234749,1405089,NA,NA,NA,NA,1547888,1634815,2246102,1763557,1121373,1119457,897334,994392
M322,363817,260298,674309,37908,NA,NA,NA,41379,511494,118720,149413,79273,49379,70587,113917,73395
M323,12585363,13195704,11676038,12280966,749420,533275,886898,604915,5339715,4680244,4875690,5164899,7721277,6995023,7045497,7300334
M324,564566,463468,371190,281803,NA,NA,NA,NA,327499,356367,461860,368688,292670,339735,273326,266797
M325,23856858,21925334,20954256,23890196,2606491,2434597,2966179,2874772,17260716,15709887,16264662,14954192,15845298,14215623,17931850,13925234
M326,2355715,2502455,2450370,2277418,631287,655636,779727,755377,1287202,1304834,1195130,1159183,2006851,1820917,1993982,1805808
M327,277065,300574,269236,296326,NA,NA,NA,NA,170333,76694,68712,107910,97436,NA,NA,NA
M328,4815767,4368384,4418137,4732316,1565350,1366313,1614187,1591401,3580229,3173418,3554417,3100645,5690856,5467336,6469145,5152274
M329,36746,NA,NA,NA,NA,NA,NA,NA,NA,NA,NA,21317,NA,NA,NA,NA
M330,7467852,7278386,7749718,7661275,7087731,6950543,7521085,8409396,7023532,5473209,4969218,5193628,8624977,9781764,8620588,8539362
M331,84273440,77411760,85768656,84684592,23423636,21420946,25167002,24011200,85086576,69372496,77791168,78662408,77457144,74849608,81060376,73860232
M332,5293585,4045923,3561438,3733919,5618659,5595688,6350418,6137655,2646521,3053877,2649570,3068351,6410031,4481392,5528030,4490226
M335,NA,NA,NA,NA,14720775,14482838,15634292,16699930,NA,NA,NA,NA,NA,NA,NA,NA
M336,76408,111850,NA,119523,NA,NA,NA,NA,85076,69025,63731,52883,NA,53203,57500,NA
M337,1095074,1281117,1168056,1263701,NA,35360,39798,NA,695233,578363,565874,548955,851196,755378,809303,758454
M338,2472674,2807739,2679368,3254931,431971,360149,709761,440730,1624809,1620241,1264953,1395886,2321378,2096240,2116333,2065421
M339,52658,26577,37907,23708,301121,54640,77174,81477,28066,24404,30721,28032,NA,57473,58210,44496
M340,3616001,3604176,3288624,3302044,414152,199688,385304,249885,1670139,1381383,1456139,1404809,2292295,2090416,2138271,1986397
M341,4918935,5460596,4877072,5048833,1128445,1347490,1276740,1318807,2744231,2456060,2244217,2383616,3670469,4205174,4034351,3737684
M342,332319,238408,293583,352645,NA,40506,NA,61923,466746,477466,426531,569485,748720,655086,719673,780416
M343,31194632,32545368,30758904,32967432,1022505,1235301,983806,1387988,28235948,22303954,20682684,21735464,25574618,22543932,23554716,21587136
M346,44700,50460,42353,44745,NA,NA,NA,NA,35481,46776,51119,60506,58697,60412,56531,58109
M347,550070,479561,499572,557371,NA,NA,78636,NA,383491,338171,406275,351766,372452,341865,336940,283072
M348,3929978,4308997,5102495,4716283,NA,NA,NA,NA,3975951,3320868,2944989,3273003,1984993,1500471,1792827,1194794
M349,5445216,4734917,5189650,5190923,301820,450548,347768,404591,3660770,3249401,3644129,3658670,3098492,3042566,2886283,3097943
M350,2235530,1981001,2319803,2195011,NA,NA,NA,NA,1714298,1431486,1797504,1614865,1042241,941065,1120571,807121
M351,138584,136747,155348,169517,NA,NA,NA,NA,78005,92250,85753,71977,66376,54849,68326,42660
M352,2413204,2208817,2268323,2380880,NA,239258,570395,718921,2728163,2058603,2335733,1725087,1387459,1451975,1158159,1141391
M353,32545,31938,40469,NA,NA,NA,NA,NA,NA,NA,NA,NA,NA,NA,NA,NA
M354,NA,312286,412005,440833,NA,NA,NA,NA,566173,505573,528284,630042,221612,191581,160644,206270
M356,9417456,8625463,10133744,9459699,620350,422169,511369,523263,5636191,5198520,5635248,5386389,4370361,4063206,4534508,3802128
M357,885639,905857,907102,595209,NA,NA,NA,NA,645565,659015,688300,646120,375163,337597,380995,299378
M359,17016508,16726816,18324740,17139272,1995476,1623331,1976484,2017848,10533180,9579346,10671425,10511877,11687377,11126069,12344173,10452268
M360,497776,487142,563479,486169,NA,NA,NA,NA,426575,348338,391151,310666,296184,249519,408090,274625
M361,4717277,4652101,4863399,5087378,77828,NA,169826,123498,2312388,2416665,2677512,2412923,1731568,1417135,1517709,1218248
M362,5867367,5658144,6207522,6077915,562892,375358,515303,547347,4432442,4102876,4559912,4005463,3541988,2830471,3296115,2431670
M363,3252884,3231542,3235888,3163064,NA,NA,NA,NA,1937890,1565804,1264988,1304279,1416612,948689,1290906,834493
M364,7713772,6669616,8273518,7674367,617617,460845,726764,701996,4112562,4028105,4402370,3690002,4431987,4084352,4337015,3727444
M365,609990,566809,548271,586253,NA,NA,NA,NA,520687,483639,525681,558277,272331,215117,126296,143391
M367,782868,697454,744246,896928,NA,NA,NA,NA,883081,662775,673351,785496,NA,863855,936821,827103
M368,10187107,8980662,10272781,10548590,178013,188402,212781,168307,6461825,5067668,5851262,5651761,7388379,6728966,7267423,6739088
M369,NA,NA,120827,NA,45484,32823,NA,NA,NA,NA,NA,NA,NA,NA,NA,NA
M370,416134,707318,NA,715373,NA,NA,NA,NA,503858,497381,439858,378581,191443,172946,NA,163827
M371,NA,NA,NA,NA,NA,425736,NA,459697,NA,NA,NA,NA,NA,NA,NA,NA
M372,NA,114915,75843,91224,NA,93043,NA,NA,NA,NA,NA,239713,NA,91234,NA,NA
M373,NA,NA,NA,NA,NA,NA,NA,NA,NA,NA,NA,NA,NA,NA,NA,13819
M374,476873,635279,748463,800696,NA,NA,NA,NA,440591,427210,506790,502383,442591,366598,347817,406847
M377,327173,265808,312471,352377,NA,162572,169505,NA,229933,355808,489508,397821,189348,168015,NA,174914
M378,NA,NA,NA,NA,5810067,6064478,5363141,5727182,NA,NA,NA,NA,NA,NA,NA,NA
